accuracy_score,f1_score
0.9479166666666666,0.06862745098039215
