accuracy_score,f1_score
0.971765350877193,0.03738317757009346
