accuracy_score,f1_score
0.8788377192982456,0.8980274542564816
