accuracy_score,f1_score
0.6461074561403509,0.6491585180534195
