accuracy_score,f1_score
0.7804276315789473,0.7809517954621917
