accuracy_score,f1_score
0.7535635964912281,0.7189746795873712
