accuracy_score,f1_score
0.856359649122807,0.8176757132915797
