accuracy_score,f1_score
0.8656798245614035,0.8684037871619311
