accuracy_score,f1_score
0.9213267543859649,0.8379446640316206
