accuracy_score,f1_score
0.9462719298245614,0.775229357798165
